customer_id,ontime_target,infull_target,otif_target
02-10-4060,87,81,70
03-10-4060,85,81,69
04-10-4060,92,76,70
10-01-4061,89,78,69
12-01-4061,88,78,69
24-06-4060,86,80,69
25-06-4060,90,81,73
26-06-4060,92,67,62
14-07-4060,78,77,60
15-07-4060,76,65,49
21-10-4060,91,76,69
22-10-4060,85,80,68
29-01-4061,91,81,74
30-01-4061,87,81,70
20-04-4061,85,79,67
21-04-4061,89,80,71
22-04-4061,86,79,68
09-05-4061,75,79,59
10-05-4061,78,66,51
11-05-4061,79,81,64
29-07-4061,92,80,74
31-07-4061,86,82,71
17-08-4061,75,68,51
18-08-4061,78,79,62
19-08-4061,76,79,60
06-11-4061,92,67,62
08-11-4061,92,75,69
15-02-4062,89,66,59
16-02-4062,85,78,66
26-11-4061,92,81,75
27-11-4061,90,79,71
05-03-4062,86,77,66
06-03-4062,89,75,67
03-09-4062,90,81,73
04-09-4062,92,65,60
,,,
,,,
,,,
,,,
,,,
,,,
,,,
,,,
,,,
,,,
,,,
,,,
,,,
,,,
,,,
,,,
,,,
,,,
,,,
,,,
,,,
,,,
,,,
,,,
,,,
,,,
,,,
,,,
,,,
,,,
,,,
,,,
,,,
,,,
,,,
,,,
,,,
,,,
,,,
,,,
,,,
,,,
,,,
,,,
,,,
,,,
,,,
,,,
,,,
,,,
,,,
,,,
,,,
,,,
,,,
,,,
,,,
,,,
,,,
,,,
,,,
,,,
,,,
,,,
,,,
,,,
,,,
,,,
,,,
,,,
,,,
,,,
,,,
,,,
,,,
,,,
,,,
,,,
,,,
,,,
,,,
,,,
,,,
,,,
,,,
,,,
,,,
,,,
,,,
,,,
,,,
,,,
,,,
,,,
,,,
,,,
,,,
,,,
,,,
,,,
,,,
,,,
,,,
,,,
,,,
,,,
,,,
,,,
,,,
,,,
,,,
,,,
,,,
,,,
,,,
,,,
,,,
,,,
,,,
,,,
,,,
,,,
,,,
,,,
,,,
,,,
,,,
,,,
,,,
,,,
,,,
,,,
,,,
,,,
,,,
,,,
,,,
,,,
,,,
,,,
,,,
,,,
,,,
,,,
,,,
,,,
,,,
,,,
